sample_id,variant_001,variant_002,variant_003,variant_004,variant_005,variant_006,variant_007,variant_008,variant_009,variant_010,variant_011,variant_012,variant_013,variant_014,variant_015,variant_016,variant_017,variant_018,variant_019,variant_020,variant_021,variant_022,variant_023,variant_024,variant_025,variant_026,variant_027,variant_028,variant_029,variant_030,variant_031,variant_032,variant_033,variant_034,variant_035,variant_036,variant_037,variant_038,variant_039,variant_040,variant_041,variant_042,variant_043,variant_044,variant_045,variant_046,variant_047,variant_048,variant_049,variant_050,variant_051,variant_052,variant_053,variant_054,variant_055,variant_056,variant_057,variant_058,variant_059,variant_060,variant_061,variant_062,variant_063,variant_064,variant_065,variant_066,variant_067,variant_068,variant_069,variant_070,variant_071,variant_072,variant_073,variant_074,variant_075,variant_076,variant_077,variant_078,variant_079,variant_080,variant_081,variant_082,variant_083,variant_084,variant_085,variant_086,variant_087,variant_088,variant_089,variant_090,variant_091,variant_092,variant_093,variant_094,variant_095,variant_096,variant_097,variant_098,variant_099,variant_100
C_001,0,1,0,0,1,1,1,0,1,0,0,1,1,1,1,0,1,0,0,1,1,1,1,1,1,0,0,1,0,0,0,1,0,1,0,0,1,1,1,0,0,1,1,0,0,1,1,1,1,1,1,1,0,0,0,1,1,0,0,0,1,0,0,1,0,0,1,0,0,0,1,1,1,0,1,1,0,1,0,1,0,1,0,0,1,1,0,1,1,1,0,1,0,1,1,1,1,0,1,0
C_002,1,1,0,0,1,1,0,0,0,1,0,0,0,1,1,1,0,1,1,0,0,1,1,0,1,1,1,0,0,0,0,0,0,0,1,1,0,0,1,1,1,1,1,1,0,0,1,0,1,0,0,0,0,1,0,0,0,0,0,1,0,1,1,1,1,1,0,1,0,0,0,1,1,1,0,1,1,0,1,1,1,1,1,0,0,1,0,0,0,1,0,0,0,0,1,0,1,0,1,0
C_003,0,1,0,0,0,0,1,0,1,0,0,1,1,1,1,0,1,0,0,1,1,1,0,0,1,0,0,0,0,1,0,1,0,0,0,0,1,1,1,0,0,1,1,0,0,1,1,1,1,0,1,1,0,0,0,1,0,0,0,0,1,0,0,1,0,0,0,0,0,0,1,1,1,0,1,1,0,1,1,1,0,1,0,0,0,1,0,1,1,1,0,1,0,1,1,1,1,0,1,1
C_004,1,0,0,1,0,0,0,0,1,0,1,1,1,1,1,0,1,1,0,0,0,1,1,1,0,1,1,1,0,1,1,1,1,0,0,0,0,0,0,0,1,1,0,0,0,1,1,0,1,0,1,0,0,0,0,1,0,0,1,0,1,0,1,1,1,1,1,1,0,0,0,1,1,1,1,0,0,1,0,0,0,1,0,0,0,0,0,0,0,0,1,0,0,1,1,0,0,1,1,1
C_005,1,0,0,1,0,0,0,0,1,0,1,1,1,1,1,0,1,1,0,0,1,1,1,1,0,1,1,1,0,1,1,1,0,0,0,0,0,0,0,0,1,1,0,0,0,1,1,0,0,0,1,1,0,0,0,1,0,0,1,0,1,0,1,0,1,1,1,1,0,0,0,1,1,1,1,0,0,1,0,0,0,1,0,0,0,0,0,1,0,0,1,0,0,1,1,0,0,1,1,1
C_006,1,0,0,1,0,0,0,0,1,0,1,1,1,1,1,0,1,1,0,0,0,1,1,1,0,1,1,1,1,1,1,1,1,1,0,0,0,0,0,0,1,1,0,0,0,1,1,0,0,0,1,1,0,0,0,1,0,0,1,0,1,0,1,1,1,1,1,1,0,0,0,1,1,1,1,0,0,1,0,0,0,1,0,0,0,0,0,1,0,0,1,1,0,1,1,0,0,1,1,1
C_007,1,1,0,0,1,1,0,0,0,1,0,0,0,1,1,1,0,1,1,0,0,1,1,0,1,1,1,0,0,0,0,0,0,0,1,1,0,0,1,1,1,1,1,1,1,0,1,0,0,0,0,0,0,1,0,1,0,0,0,1,0,1,1,1,1,1,0,1,0,0,0,1,1,1,1,1,1,0,1,1,1,1,1,0,0,0,0,0,0,1,0,0,0,0,1,0,1,0,1,0
C_008,1,1,0,0,1,1,0,0,0,1,0,0,0,1,1,1,0,1,1,0,0,1,1,0,1,1,1,0,0,1,0,0,0,0,1,1,0,0,1,1,1,1,1,0,1,0,1,0,1,0,0,0,0,1,0,1,0,0,0,1,0,1,1,1,0,1,0,1,0,0,0,1,1,1,1,1,1,0,1,1,1,1,1,0,0,0,1,0,0,1,0,0,0,0,0,0,1,0,1,0
C_009,0,1,0,0,1,1,1,0,1,0,0,1,1,1,1,0,0,0,0,1,1,1,1,1,1,0,0,1,0,0,0,1,0,1,0,0,1,1,1,0,0,1,1,0,0,0,1,1,1,1,1,1,0,0,0,1,1,0,0,0,1,0,0,1,0,0,0,0,0,0,1,1,1,0,1,1,0,1,1,1,0,1,0,0,1,1,0,1,1,1,0,1,0,1,1,1,1,0,1,0
C_010,1,1,0,0,1,1,0,0,0,1,1,0,0,1,1,1,0,1,1,0,0,1,1,0,1,1,1,0,0,0,0,0,0,0,1,1,0,0,1,1,1,1,1,1,1,0,1,0,1,0,0,0,0,1,0,0,0,0,0,1,0,1,1,1,1,1,0,1,0,0,0,1,1,1,0,1,1,0,1,1,1,1,1,0,0,1,0,0,0,1,0,0,0,0,1,0,1,0,1,0
C_011,1,1,0,0,1,1,0,0,0,1,0,0,0,1,1,1,0,1,1,0,0,1,1,0,1,1,1,0,0,0,0,0,0,0,1,1,0,0,1,1,1,1,1,1,1,0,1,0,1,0,0,0,0,1,0,0,0,0,0,1,0,1,1,1,1,1,0,1,0,0,0,1,1,1,0,1,1,0,1,1,1,1,1,0,0,1,0,0,0,1,1,0,0,0,1,0,1,0,1,0
C_012,0,1,0,1,1,1,1,0,1,0,0,1,1,1,1,0,1,0,0,1,1,1,1,1,1,0,0,1,0,0,0,1,0,1,0,0,1,1,1,0,0,1,1,0,0,1,0,1,1,1,1,1,0,0,0,1,1,0,0,0,1,0,0,1,0,0,1,0,0,0,1,1,1,0,1,1,0,1,1,1,1,1,0,0,1,1,0,1,1,1,0,1,0,1,1,1,1,0,1,0
C_013,0,1,0,0,1,1,1,0,1,0,0,1,1,1,1,0,1,0,0,1,1,1,1,1,1,0,0,1,0,0,0,1,0,1,0,0,1,1,1,0,0,1,1,0,0,1,1,1,1,1,1,1,0,0,0,1,1,0,0,0,1,0,0,1,0,0,1,0,0,0,1,1,1,0,1,1,0,1,1,1,0,1,0,0,1,1,0,1,1,1,0,1,0,0,1,1,1,0,1,0
C_014,0,1,0,0,1,0,1,0,1,0,0,1,1,1,1,0,1,1,0,1,1,1,1,0,1,0,0,0,0,1,0,1,0,0,0,0,0,1,1,0,0,1,1,0,0,1,1,1,1,1,1,1,0,0,0,1,0,0,0,0,1,0,0,1,0,0,0,0,0,0,1,1,1,0,1,1,0,1,1,1,0,1,0,0,0,1,0,1,1,1,0,1,0,1,1,1,1,0,1,1
C_015,1,0,0,1,0,0,0,0,1,0,1,1,1,1,1,0,1,1,0,0,0,1,1,1,0,1,1,1,0,1,1,1,1,0,0,0,0,0,0,0,1,1,0,0,0,1,1,0,0,0,1,0,0,0,0,1,0,0,1,0,1,0,1,1,1,1,1,1,0,0,0,1,1,1,1,0,0,1,0,0,0,1,0,0,0,0,0,1,0,0,1,0,0,1,1,0,0,1,1,1
C_016,1,0,0,1,0,0,0,0,1,0,1,1,1,1,1,0,1,1,0,0,0,1,1,1,0,1,1,1,0,1,1,1,1,0,0,0,0,0,0,0,1,1,0,0,0,1,1,0,0,0,1,0,0,0,0,1,0,0,1,0,1,0,1,1,1,1,1,1,0,0,0,1,1,1,1,0,0,1,0,0,0,1,0,0,0,0,0,1,0,0,1,0,0,1,1,0,0,1,1,1
C_017,1,0,0,1,0,0,0,0,1,0,1,1,1,1,1,0,1,1,0,0,0,1,1,1,0,1,1,1,0,1,1,1,1,0,0,0,0,0,0,0,1,1,0,0,0,1,1,0,0,0,1,0,0,0,0,1,0,0,1,0,1,0,1,1,1,1,1,1,0,0,0,1,1,1,1,0,0,1,0,0,0,1,0,0,0,0,1,1,1,0,1,0,0,1,1,0,0,1,1,1
C_018,0,1,0,0,0,0,1,0,1,0,0,1,1,1,1,0,1,0,0,1,0,1,1,0,1,0,0,0,0,1,0,1,0,0,0,0,1,1,1,0,0,1,1,0,0,1,1,1,1,1,1,1,0,0,0,1,0,0,0,0,1,0,0,1,1,0,0,0,0,0,1,1,1,0,1,1,0,1,1,1,0,1,0,0,0,1,0,1,1,1,0,1,0,1,1,1,1,0,1,1
C_019,0,1,1,0,1,1,1,0,1,0,0,1,1,1,1,0,1,0,0,1,1,0,1,1,1,0,0,1,0,0,0,1,0,1,0,0,1,1,1,0,0,1,1,0,0,1,1,1,1,1,1,1,0,1,0,1,1,0,0,0,1,0,0,1,0,0,1,0,0,0,1,1,1,0,1,1,0,1,1,1,0,1,0,0,1,1,0,1,1,1,0,1,0,1,1,1,1,0,1,0
C_020,1,1,0,0,1,1,0,0,0,1,0,0,0,1,1,1,0,1,1,0,0,1,1,0,1,1,1,0,0,0,0,0,0,0,1,1,0,0,1,1,1,1,1,1,1,0,1,0,1,0,0,0,0,1,0,0,0,1,0,1,0,1,1,1,1,1,0,1,0,0,0,1,1,1,0,1,1,0,1,1,1,1,1,0,0,1,0,0,0,1,0,0,0,0,1,0,1,0,1,0
C_021,1,1,0,0,1,1,0,0,0,1,0,0,0,1,1,1,0,1,1,0,0,0,1,0,0,1,1,0,0,0,0,0,0,0,1,1,0,0,1,1,1,1,1,1,1,0,1,0,1,0,0,0,0,1,0,1,0,0,1,1,0,1,1,1,1,1,0,1,0,0,0,1,1,1,1,1,1,0,1,1,1,1,1,0,0,0,0,0,0,1,0,0,0,0,1,0,1,0,1,0
C_022,1,1,0,0,1,1,0,0,0,1,0,0,0,1,1,1,0,1,1,0,0,1,1,0,1,1,1,0,0,0,0,0,0,0,1,1,1,0,1,1,1,1,1,1,1,0,1,0,1,0,0,0,0,1,1,0,0,0,0,1,0,1,1,1,1,1,0,1,0,0,0,1,1,1,0,1,1,0,1,1,1,1,1,0,0,1,0,0,0,1,1,0,0,0,1,0,1,0,1,0
C_023,0,0,0,0,0,0,1,0,1,0,1,1,1,1,0,0,1,0,0,1,1,1,1,0,1,0,0,0,0,1,0,1,0,0,0,0,1,1,1,0,0,1,1,0,0,1,1,1,1,1,1,1,0,0,0,1,0,0,0,0,1,0,0,1,0,0,0,0,0,0,1,1,1,0,1,1,0,1,1,1,0,1,0,0,0,1,0,1,1,1,0,1,0,1,1,1,1,0,1,1
C_024,1,0,0,1,0,0,0,0,1,0,1,1,1,1,1,0,1,0,0,0,0,1,1,1,0,1,1,1,0,1,1,1,1,0,0,1,0,0,0,0,1,1,0,0,0,1,1,0,0,0,1,0,0,0,0,1,0,0,1,0,1,0,1,1,1,1,1,1,0,0,0,1,1,1,1,0,0,1,0,1,0,1,0,0,0,0,0,1,0,0,1,0,0,1,1,0,0,1,1,1
C_025,0,1,0,0,1,1,1,0,1,0,0,1,1,1,1,0,1,0,0,1,1,1,1,1,1,0,0,1,0,0,0,1,0,1,0,0,1,1,1,0,0,1,1,0,0,1,1,1,1,1,1,1,0,0,0,1,1,0,0,0,1,0,0,1,0,0,1,0,0,0,1,1,1,0,1,0,0,1,1,1,0,1,0,0,1,1,0,1,1,1,0,1,0,1,1,1,1,0,1,0
C_026,0,1,0,0,1,1,1,0,1,0,0,1,1,1,1,0,1,0,0,1,1,1,1,1,1,0,0,1,0,0,0,1,0,1,0,0,1,1,1,0,1,1,1,0,0,1,1,1,1,1,0,0,0,0,0,1,1,0,0,0,1,0,0,1,0,0,1,0,0,0,1,1,1,0,1,1,0,1,1,1,0,1,0,0,1,1,0,0,1,1,0,1,0,1,1,1,1,0,1,0
C_027,1,1,0,0,1,1,0,0,0,1,0,0,0,1,1,1,0,1,1,0,0,1,1,0,1,1,1,0,0,0,0,0,0,0,1,1,0,0,1,1,1,1,1,1,1,0,1,0,1,1,0,0,0,1,0,0,0,0,0,1,0,1,1,1,1,1,0,1,0,0,0,1,1,1,0,1,1,0,1,1,1,1,1,0,0,1,0,0,0,1,0,0,0,0,1,0,1,0,1,0
C_028,0,1,0,0,0,0,0,0,1,0,0,1,1,1,1,0,0,0,0,1,1,1,1,0,1,0,0,0,0,1,0,1,0,0,0,0,1,1,1,0,0,1,1,0,0,1,1,1,1,1,1,1,0,0,0,1,0,0,0,0,1,0,0,1,0,0,0,0,0,0,1,1,1,0,1,1,0,1,1,1,0,1,0,0,0,1,0,1,1,1,0,1,0,1,1,1,1,0,1,1
C_029,0,1,0,0,0,0,1,0,1,0,0,1,1,1,1,0,1,0,0,1,1,1,1,0,1,0,0,0,0,1,0,1,0,0,0,0,1,1,1,0,0,1,1,0,0,1,1,1,1,1,1,1,0,0,0,1,0,0,0,0,1,0,0,1,0,0,0,0,0,0,1,1,1,0,1,1,0,1,1,1,0,1,0,0,0,1,0,1,1,1,0,1,0,1,1,1,1,0,1,1
C_030,1,1,0,0,1,1,0,0,0,0,0,0,0,1,1,1,0,1,1,0,0,1,1,0,1,1,1,0,0,0,0,0,0,0,1,1,0,0,1,1,1,1,1,1,1,0,1,0,1,0,1,0,0,1,0,0,0,0,0,1,0,1,1,1,1,1,0,1,0,0,0,1,1,1,0,1,1,0,1,1,1,1,1,0,0,1,0,0,0,1,0,0,0,0,1,0,1,0,1,0
C_031,1,1,0,0,1,1,0,0,0,1,0,0,0,1,1,1,0,1,1,1,0,1,1,0,1,1,1,0,0,0,0,1,0,0,1,1,0,0,1,1,1,1,1,1,1,0,1,0,1,0,0,0,0,1,0,1,0,0,0,1,0,1,1,1,1,1,0,1,0,0,0,1,0,1,1,1,1,0,1,1,1,1,1,0,0,0,0,0,0,1,0,0,0,0,1,0,1,0,1,0
C_032,0,1,0,0,1,1,1,0,1,0,0,1,1,1,1,0,1,0,0,1,1,1,1,1,1,0,0,1,0,0,0,1,0,1,0,0,1,1,1,0,0,1,1,0,0,0,1,1,1,1,1,1,0,0,0,1,1,0,0,0,1,0,0,1,0,0,1,0,0,0,1,1,1,0,1,1,0,1,1,1,0,1,0,0,1,1,0,1,1,1,0,1,0,1,1,1,1,0,1,0
C_033,1,1,0,0,0,1,1,0,0,1,0,0,0,1,1,1,0,1,1,0,0,1,1,0,1,1,1,0,0,0,0,0,0,0,1,1,1,0,1,1,1,1,1,1,1,0,1,0,1,0,0,0,0,1,0,1,0,0,0,1,0,1,1,1,1,1,0,1,0,0,0,1,1,1,1,1,1,0,1,1,1,1,1,0,0,0,0,0,0,1,0,0,0,0,1,0,1,0,1,0
C_034,0,1,0,0,0,0,1,0,1,0,0,1,1,1,1,0,1,0,0,1,1,1,1,0,1,0,0,0,0,1,0,1,0,0,0,0,1,1,1,0,0,1,1,0,0,1,1,1,1,1,1,1,0,0,0,1,0,0,0,0,1,0,0,1,0,0,0,0,0,0,1,1,0,0,1,1,0,1,1,1,0,1,0,0,0,1,0,1,1,1,0,1,0,1,1,1,1,0,1,1
C_035,0,1,0,0,0,0,1,0,1,0,0,1,1,1,1,0,1,0,0,1,1,1,1,0,1,0,0,0,0,1,0,1,0,0,0,0,1,1,1,0,0,1,1,0,0,1,1,1,1,1,1,1,0,0,0,1,0,0,0,0,1,0,0,1,0,0,0,0,0,0,1,1,1,0,1,1,0,1,1,1,1,1,0,0,0,1,0,1,1,1,0,1,0,1,1,1,1,0,1,1
C_036,1,1,0,0,1,1,0,0,0,1,0,0,0,1,1,1,0,1,1,0,0,1,1,0,1,1,1,0,0,0,0,0,0,0,1,1,0,0,1,1,1,1,1,1,1,0,1,0,1,0,0,0,0,1,0,0,0,0,0,1,0,1,1,1,1,1,0,1,0,0,0,1,1,1,0,1,1,0,1,1,1,1,1,0,0,1,0,0,0,1,0,0,0,0,1,0,1,0,1,0
C_037,1,0,0,1,0,0,0,0,1,0,1,1,1,1,1,0,1,1,0,0,0,1,1,1,0,1,1,1,0,1,1,1,1,0,0,0,0,0,0,0,1,1,0,0,0,1,1,0,0,0,0,0,0,0,0,1,0,0,1,0,1,0,1,1,1,1,1,1,0,0,0,1,1,1,1,0,0,1,0,0,0,1,0,0,0,0,0,1,0,0,1,0,0,1,0,0,0,1,1,1
C_038,0,1,0,0,0,0,1,0,1,1,0,1,1,1,1,0,1,0,0,1,1,1,1,0,1,0,0,0,0,1,0,1,0,0,0,1,1,1,1,0,0,1,1,0,0,1,1,1,1,1,1,0,0,0,0,1,0,0,0,0,1,0,0,1,0,0,1,0,0,0,1,1,1,0,1,1,0,1,1,1,0,1,0,0,0,1,0,1,1,1,0,1,0,1,1,1,0,0,1,1
C_039,0,1,0,0,1,1,0,0,0,0,0,0,0,1,1,1,0,1,1,0,0,1,1,0,1,1,1,0,0,0,0,0,0,0,1,1,0,0,1,1,1,1,1,1,1,0,1,0,1,0,0,0,0,1,0,1,0,0,0,1,0,1,1,1,1,1,0,1,0,0,0,1,1,1,1,1,1,0,1,1,1,1,1,0,0,0,0,1,0,1,0,0,0,0,1,0,1,0,1,0
C_040,1,1,0,0,1,1,1,0,0,1,0,0,0,1,1,1,0,1,1,0,0,1,1,0,1,1,1,0,0,0,0,0,0,0,1,1,0,0,1,1,1,1,1,1,1,0,1,0,1,0,0,0,0,1,0,0,0,0,0,1,0,1,1,1,1,1,0,1,0,0,0,1,1,1,0,1,1,0,1,1,1,1,1,0,0,1,0,0,0,1,0,0,0,0,1,0,0,0,1,0
C_041,1,0,0,1,0,0,0,0,1,0,1,1,1,1,1,0,1,1,0,0,0,1,1,1,0,1,1,1,0,0,1,1,1,0,0,0,0,0,0,0,1,1,0,0,0,1,1,0,0,0,1,0,0,0,0,1,0,0,1,0,1,0,1,1,1,1,1,1,0,0,0,1,1,1,1,0,0,1,0,0,0,1,0,0,0,0,0,1,0,0,1,0,0,1,1,0,0,1,1,1
C_042,1,1,0,0,1,1,0,0,0,1,0,0,0,1,1,1,0,1,1,0,0,1,1,0,1,1,1,0,0,0,0,0,0,0,1,1,0,0,1,1,1,1,1,1,1,0,1,0,1,0,0,0,0,1,0,1,0,0,0,1,0,1,1,1,0,1,0,1,0,0,0,1,1,1,1,1,1,0,1,1,1,1,1,0,0,0,0,0,0,1,0,0,0,0,1,0,1,0,1,0
C_043,1,0,0,1,0,0,0,0,1,0,1,1,1,1,1,0,1,1,0,0,0,1,1,1,0,1,1,1,0,1,1,1,1,0,0,0,0,0,0,0,1,1,0,0,0,1,1,0,0,0,1,0,0,0,0,1,0,0,1,0,1,0,1,1,1,1,1,1,1,0,0,1,1,1,1,0,0,1,0,0,0,1,0,0,0,0,0,1,0,0,1,0,0,1,1,0,0,1,1,1
C_044,1,1,0,0,1,1,0,0,0,1,0,1,0,1,1,1,0,1,1,0,0,1,1,0,1,1,1,0,0,0,0,0,0,0,1,1,0,0,1,1,1,1,1,1,1,0,1,0,1,1,0,0,0,1,0,0,0,0,0,1,0,1,1,1,1,1,0,1,0,0,0,1,1,1,0,1,1,0,1,1,1,1,1,0,0,1,0,0,0,1,0,0,0,0,1,0,1,0,1,0
C_045,1,1,0,0,1,1,0,0,0,1,0,0,0,1,1,1,0,1,1,0,0,1,1,0,1,1,1,0,0,0,0,0,0,0,1,1,0,0,1,1,1,1,1,1,1,0,1,0,1,0,0,0,0,1,0,1,0,0,0,1,0,1,1,1,1,1,0,1,0,0,0,1,1,1,1,1,1,0,0,0,1,1,1,0,0,0,0,0,0,1,0,0,0,0,1,0,1,0,1,0
C_046,0,1,0,0,0,0,1,0,1,0,0,1,1,1,1,0,1,0,0,1,1,1,1,0,1,0,0,0,0,1,0,1,0,0,0,0,1,1,1,0,0,1,1,0,0,1,1,0,1,1,1,1,0,0,0,1,0,0,0,0,1,0,0,1,0,0,0,0,0,0,1,1,1,0,1,1,0,1,1,1,0,1,0,0,0,1,0,1,1,1,0,1,0,1,1,1,1,0,1,1
C_047,1,1,0,0,1,1,0,0,0,1,0,0,0,1,1,1,0,1,1,0,0,1,1,0,1,1,1,0,0,0,0,0,0,0,1,1,0,0,1,1,1,1,1,1,1,0,1,0,1,0,0,0,0,1,0,1,0,0,0,1,0,1,1,1,1,1,0,1,0,0,0,1,1,1,1,1,1,1,1,1,1,1,1,0,0,0,0,0,0,1,0,0,0,0,1,0,1,0,1,0
C_048,0,1,0,0,1,1,1,0,1,0,0,1,1,1,1,0,1,0,0,1,1,1,1,1,1,0,0,1,0,0,0,1,0,1,0,0,1,1,1,0,0,1,1,0,0,1,1,1,1,1,1,1,0,0,0,1,1,0,0,0,1,0,0,1,0,0,1,0,0,0,1,1,1,0,1,1,0,1,1,1,0,1,0,0,1,1,0,1,1,1,0,1,0,1,1,1,1,0,1,0
C_049,0,1,0,0,1,1,1,0,1,0,0,1,1,1,1,0,1,0,0,1,1,1,1,1,1,0,0,1,0,1,0,1,0,1,0,0,1,1,1,0,0,1,1,0,0,1,1,1,1,1,1,1,0,0,0,1,1,0,1,0,1,0,0,1,0,0,1,0,0,0,1,1,1,0,1,1,0,1,1,1,0,1,0,0,1,1,0,1,1,1,0,1,0,1,1,1,1,0,1,0
C_050,1,1,0,0,1,1,0,0,0,1,0,0,0,1,1,1,0,1,1,0,0,1,1,0,1,1,1,0,0,0,0,0,0,0,1,1,0,0,1,1,1,1,1,1,1,0,1,0,1,0,0,0,0,1,0,1,0,0,0,1,0,1,1,1,1,1,0,1,0,0,0,1,1,1,1,1,1,0,1,1,1,1,1,0,0,0,0,0,0,1,0,0,0,0,1,0,1,0,1,0
